{"_normalisation": 340.0, "_kind": "linear", "_smooth": 10, "_xmax": 1.09913, "_counts": [0.0006606866058496178, 0.0008004472340101139, 0.0009783243971234726, 0.0012070236068406483, 0.001384900769954007, 0.0016072472238457048, 0.0016072472238457048, 0.0015754834447183194, 0.0015881889563692738, 0.0016453637587985675, 0.0016326582471476133, 0.0016771275379259532, 0.0016771275379259532, 0.0016707747821004756, 0.001702538561227861, 0.0016707747821004756, 0.0017279495845297702, 0.0018804157243412201, 0.002001118085025285, 0.0019820598175488537, 0.0020392346199781474, 0.0020265291083271936, 0.0020709983991055335, 0.0020201763525017164, 0.0019502960384214685, 0.001956648794246945, 0.0019757070617233766, 0.002058292887454579, 0.0020964094224074415, 0.0020900566665819644, 0.0020265291083271936, 0.002185348003964121, 0.002356872411252002, 0.0025093385510634525, 0.002890503900592078, 0.0030493227962290056, 0.0031827306685640244, 0.0032716692501207037, 0.0034876629481869256, 0.003703656646253146, 0.004097527507432726, 0.0042182298681167915, 0.004230935379767746, 0.0042182298681167915, 0.004014941681701524, 0.003989530658399616, 0.004046705460828909, 0.004053058216654387, 0.004046705460828909, 0.004097527507432726, 0.004116585774909158, 0.004377048763753718, 0.0046502172642492335, 0.004866210962315455, 0.005158437730287401, 0.005495133789037687, 0.005920768429344652, 0.006244758976443984, 0.006409930627906389, 0.00647345818616116, 0.006568749523543317, 0.006441694407033774, 0.006314639290524233, 0.006460752674510206, 0.00653698574441593, 0.0066958046400528584, 0.006772037709958583, 0.006867329047340739, 0.007026147942977666, 0.0075216628973648805, 0.007661423525525378, 0.00811246918913425, 0.008461870759535492, 0.008652453434299804, 0.008671511701776238, 0.008531751073615739, 0.008455518003710015, 0.008627042410997895, 0.008798566818285777, 0.008830330597413161, 0.009402078621706101, 0.009649836098899706, 0.010075470739206675, 0.010335933728051234, 0.011034736868853715, 0.01156836835819379, 0.011847889614514781, 0.012127410870835775, 0.012209996696566977, 0.012279877010647224, 0.012013061265977187, 0.01165730693975047, 0.011206261276141596, 0.011117322694584915, 0.01097756206642442, 0.01080603765913654, 0.010901328996518696, 0.01062816049602318, 0.010793332147485585, 0.010983914822249896, 0.011002973089726328, 0.011212614031967074, 0.011415902218382339, 0.011549310090717357, 0.011530251823240929, 0.011517546311589974, 0.011339669148476615, 0.011307905369349228, 0.011060147892155623, 0.010672629786801521, 0.010234289634843602, 0.009935710111046176, 0.009484664447437303, 0.00890021091149341, 0.008283993596422134, 0.008029883363403049, 0.007686834548827286, 0.007820242421162305, 0.0075216628973648805, 0.0072802581759967505, 0.00721673061774198, 0.006981678652199327, 0.006981678652199327, 0.007038853454628622, 0.007019795187152189, 0.006911798338119081, 0.006746626686656674, 0.0063082865346987555, 0.006136762127410874, 0.006162173150712782, 0.00603511803420324, 0.006028765278377763, 0.0058635936269153584, 0.005749244022056771, 0.005634894417198183, 0.005418900719131961, 0.005418900719131961, 0.0052791400909714655, 0.005221965288542172, 0.0048471526948390235, 0.004669275531725665, 0.00448504561278683, 0.004446929077833967, 0.0042436408914187, 0.004091174751607249, 0.003983177902574139, 0.003837064518588166, 0.003786242471984349, 0.003748125937031486, 0.003697303890427669, 0.003633776332172898, 0.003544837750616219, 0.003468604680710493, 0.003462251924885017, 0.0034304881457576314, 0.0034241353899321547, 0.0033288440525499974, 0.003131908621960208, 0.0030048535054506657, 0.0029985007496251886, 0.0029286204355449407, 0.002877798388941124, 0.002680862958351334, 0.0024902802835870216, 0.002267933829695323, 0.0020455873758036245, 0.0019439432825959916, 0.0018550047010393114, 0.0017343023403552464, 0.0016326582471476133, 0.0015500724214164113, 0.001397606281604961, 0.001397606281604961, 0.001403959037430438, 0.0014928976189871174, 0.0014928976189871174, 0.0015373669097654568, 0.0015437196655909342, 0.0015691306888928425, 0.0015183086422890257, 0.0015437196655909342, 0.0015246613981145028, 0.0014865448631616403, 0.001461133839859732, 0.0013721952583030524, 0.0013340787233501901, 0.0012070236068406483, 0.0011244377811094458, 0.0010418519553782436, 0.0009719716412979958, 0.0009020913272177475, 0.0008576220364394079, 0.0008067999898355911, 0.0007432724315808201, 0.0007115086524534347, 0.0006479810941986638, 0.0005653952684674615, 0.00045739841943435083, 0.0003748125937031486, 0.0003239905470993319], "_xmin": 0.10069, "_fill_value": 0.0, "_width": 0.005}