{"_xmin": 0.10069, "_centers": [0.10319, 0.10819000000000001, 0.11319000000000001, 0.11819000000000002, 0.12319000000000002, 0.12819000000000003, 0.13319000000000003, 0.13819000000000004, 0.14319000000000004, 0.14819000000000004, 0.15319000000000005, 0.15819000000000005, 0.16319000000000006, 0.16819000000000006, 0.17319000000000007, 0.17819000000000007, 0.18319000000000007, 0.18819000000000008, 0.19319000000000008, 0.1981900000000001, 0.2031900000000001, 0.2081900000000001, 0.2131900000000001, 0.2181900000000001, 0.2231900000000001, 0.22819000000000011, 0.23319000000000012, 0.23819000000000012, 0.24319000000000013, 0.24819000000000013, 0.25319000000000014, 0.25819000000000014, 0.26319000000000015, 0.26819000000000015, 0.27319000000000015, 0.27819000000000016, 0.28319000000000016, 0.28819000000000017, 0.2931900000000002, 0.2981900000000002, 0.3031900000000002, 0.3081900000000002, 0.3131900000000002, 0.3181900000000002, 0.3231900000000002, 0.3281900000000002, 0.3331900000000002, 0.3381900000000002, 0.3431900000000002, 0.3481900000000002, 0.3531900000000002, 0.35819000000000023, 0.36319000000000023, 0.36819000000000024, 0.37319000000000024, 0.37819000000000025, 0.38319000000000025, 0.38819000000000026, 0.39319000000000026, 0.39819000000000027, 0.40319000000000027, 0.4081900000000003, 0.4131900000000003, 0.4181900000000003, 0.4231900000000003, 0.4281900000000003, 0.4331900000000003, 0.4381900000000003, 0.4431900000000003, 0.4481900000000003, 0.4531900000000003, 0.4581900000000003, 0.4631900000000003, 0.46819000000000033, 0.47319000000000033, 0.47819000000000034, 0.48319000000000034, 0.48819000000000035, 0.49319000000000035, 0.49819000000000035, 0.5031900000000004, 0.5081900000000004, 0.5131900000000004, 0.5181900000000004, 0.5231900000000004, 0.5281900000000004, 0.5331900000000004, 0.5381900000000004, 0.5431900000000004, 0.5481900000000004, 0.5531900000000004, 0.5581900000000004, 0.5631900000000004, 0.5681900000000004, 0.5731900000000004, 0.5781900000000004, 0.5831900000000004, 0.5881900000000004, 0.5931900000000004, 0.5981900000000004, 0.6031900000000004, 0.6081900000000005, 0.6131900000000005, 0.6181900000000005, 0.6231900000000005, 0.6281900000000005, 0.6331900000000005, 0.6381900000000005, 0.6431900000000005, 0.6481900000000005, 0.6531900000000005, 0.6581900000000005, 0.6631900000000005, 0.6681900000000005, 0.6731900000000005, 0.6781900000000005, 0.6831900000000005, 0.6881900000000005, 0.6931900000000005, 0.6981900000000005, 0.7031900000000005, 0.7081900000000005, 0.7131900000000005, 0.7181900000000006, 0.7231900000000006, 0.7281900000000006, 0.7331900000000006, 0.7381900000000006, 0.7431900000000006, 0.7481900000000006, 0.7531900000000006, 0.7581900000000006, 0.7631900000000006, 0.7681900000000006, 0.7731900000000006, 0.7781900000000006, 0.7831900000000006, 0.7881900000000006, 0.7931900000000006, 0.7981900000000006, 0.8031900000000006, 0.8081900000000006, 0.8131900000000006, 0.8181900000000006, 0.8231900000000006, 0.8281900000000006, 0.8331900000000007, 0.8381900000000007, 0.8431900000000007, 0.8481900000000007, 0.8531900000000007, 0.8581900000000007, 0.8631900000000007, 0.8681900000000007, 0.8731900000000007, 0.8781900000000007, 0.8831900000000007, 0.8881900000000007, 0.8931900000000007, 0.8981900000000007, 0.9031900000000007, 0.9081900000000007, 0.9131900000000007, 0.9181900000000007, 0.9231900000000007, 0.9281900000000007, 0.9331900000000007, 0.9381900000000007, 0.9431900000000008, 0.9481900000000008, 0.9531900000000008, 0.9581900000000008, 0.9631900000000008, 0.9681900000000008, 0.9731900000000008, 0.9781900000000008, 0.9831900000000008, 0.9881900000000008, 0.9931900000000008, 0.9981900000000008, 1.003190000000001, 1.0081900000000008, 1.0131900000000007, 1.0181900000000008, 1.023190000000001, 1.0281900000000008, 1.0331900000000007, 1.0381900000000008, 1.043190000000001, 1.0481900000000008, 1.0531900000000007, 1.0581900000000009, 1.063190000000001, 1.0681900000000009, 1.0731900000000008, 1.0781900000000009, 1.083190000000001, 1.0881900000000009, 1.0931900000000008, 1.0981900000000009], "_width": 0.005, "_xmax": 1.09913,