{"_width": 0.005, "_smooth": 10, "_counts": [0.132202409516031, 0.16016830383672986, 0.19576126024489204, 0.241523632769672, 0.2771165891778342, 0.3216077846880369, 0.3216077846880369, 0.3152518996151508, 0.3177942536443053, 0.32923484677550025, 0.3266924927463458, 0.3355907318483864, 0.3355907318483864, 0.33431955483380915, 0.34067543990669524, 0.33431955483380915, 0.34576014796500415, 0.3762683963148574, 0.40042075959182466, 0.396607228548093, 0.408047821679288, 0.4055054676501335, 0.4144037067521741, 0.4042342906355563, 0.3902513434752069, 0.3915225204897841, 0.39533605153351575, 0.41186135272301966, 0.419488414810483, 0.41821723779590575, 0.4055054676501335, 0.4372848930145641, 0.471606672408149, 0.5021149207580023, 0.5783855416326356, 0.6101649669970661, 0.6368596843031877, 0.6546561625072689, 0.6978761810028944, 0.7410961994985199, 0.8199091744023076, 0.8440615376792748, 0.8466038917084293, 0.8440615376792748, 0.8033838732128037, 0.7982991651544948, 0.8097397582856899, 0.811010935300267, 0.8097397582856899, 0.8199091744023076, 0.8237227054460393, 0.8758409630437053, 0.9305015746705259, 0.9737215931661514, 1.0321957358367035, 1.0995681176092962, 1.18473697758597, 1.2495670053294083, 1.2826176077084162, 1.2953293778541883, 1.3143970330728467, 1.2889734927813021, 1.2635499524897578, 1.2927870238250339, 1.3080411479999605, 1.339820573364391, 1.3550746975393178, 1.374142352757976, 1.4059217781224065, 1.5050735852594297, 1.5330394795801288, 1.6232930476151113, 1.6932077834168586, 1.7313430938541752, 1.735156624897907, 1.707190730577208, 1.6919366064022814, 1.7262583857958662, 1.7605801651894513, 1.7669360502623372, 1.8813419815742873, 1.9309178851427988, 2.016086745119473, 2.068205002717139, 2.208034474320633, 2.3148133435451195, 2.370745132186517, 2.4266769208279153, 2.443202222017419, 2.457185169177768, 2.403795734565525, 2.332609821749201, 2.242356253714218, 2.2245597755101367, 2.196593881189438, 2.1622721017958533, 2.1813397570145114, 2.126679145387691, 2.159729747766699, 2.197865058204015, 2.201678589247747, 2.2436274307287953, 2.284305095195266, 2.3109998125013878, 2.3071862814576565, 2.304643927428502, 2.2690509710203397, 2.2626950859474535, 2.213119182378942, 2.1355773844897317, 2.0478661704839034, 1.9881208507987738, 1.897867282763791, 1.7809189974226867, 1.6576148270086963, 1.6067677464256074, 1.5381241876384375, 1.564818904944559, 1.5050735852594297, 1.4567688587054954, 1.4440570885597233, 1.397023539020366, 1.397023539020366, 1.408464132151561, 1.4046506011078292, 1.3830405918600166, 1.3499899894810088, 1.2622787754751805, 1.2279569960815957, 1.2330417041399044, 1.20761816384836, 1.2063469868337828, 1.173296384454775, 1.1504151981923851, 1.127534011929995, 1.0843139934343695, 1.0843139934343695, 1.0563480991136707, 1.0449075059824757, 0.9699080621224198, 0.9343151057142575, 0.8974509722915182, 0.8898239102040548, 0.8491462457375837, 0.8186379973877304, 0.7970279881399176, 0.7677909168046415, 0.7576215006880238, 0.7499944386005605, 0.7398250224839427, 0.7271132523381705, 0.7093167741340893, 0.6940626499591627, 0.6927914729445855, 0.6864355878716994, 0.6851644108571222, 0.6660967556384638, 0.62669026818657, 0.6012667278950256, 0.5999955508804483, 0.5860126037200989, 0.5758431876034812, 0.5364367001515873, 0.4983013897142707, 0.45381019420406793, 0.4093189986938652, 0.38898016646062966, 0.37118368825654857, 0.34703132497958133, 0.3266924927463458, 0.31016719155684197, 0.27965894320698864, 0.27965894320698864, 0.2809301202215659, 0.29872659842564697, 0.29872659842564697, 0.3076248375276875, 0.30889601454226473, 0.31398072260057364, 0.3038113064839558, 0.30889601454226473, 0.30508248349853306, 0.29745542141106973, 0.2923707133527609, 0.27457423514867974, 0.26694717306121646, 0.241523632769672, 0.22499833158016813, 0.20847303039066425, 0.19449008323031483, 0.1805071360699654, 0.17160889696792486, 0.16143948085130708, 0.14872771070553487, 0.14237182563264877, 0.12966005548687656, 0.11313475429737267, 0.09152474504955992, 0.07499944386005604, 0.06483002774343828],